{
  "pair_count": 4050,
  "selected_similarity_threshold": 0.6158510446548462,
  "mean_similarity": 0.7058684158950677
}