{
  "AnnualCrop": {
    "precision": 0.9887133182844243,
    "recall": 0.9584245076586433,
    "f1-score": 0.9733333333333334,
    "support": 457.0
  },
  "Forest": {
    "precision": 0.9913978494623656,
    "recall": 0.9935344827586207,
    "f1-score": 0.9924650161463939,
    "support": 464.0
  },
  "HerbaceousVegetation": {
    "precision": 0.928416485900217,
    "recall": 0.9976689976689976,
    "f1-score": 0.9617977528089887,
    "support": 429.0
  },
  "Highway": {
    "precision": 0.9408450704225352,
    "recall": 0.9823529411764705,
    "f1-score": 0.9611510791366906,
    "support": 340.0
  },
  "Industrial": {
    "precision": 0.9866666666666667,
    "recall": 0.9946236559139785,
    "f1-score": 0.9906291834002677,
    "support": 372.0
  },
  "Pasture": {
    "precision": 0.9813084112149533,
    "recall": 0.9603658536585366,
    "f1-score": 0.9707241910631741,
    "support": 328.0
  },
  "PermanentCrop": {
    "precision": 0.9750692520775623,
    "recall": 0.9312169312169312,
    "f1-score": 0.952638700947226,
    "support": 378.0
  },
  "Residential": {
    "precision": 0.9977924944812362,
    "recall": 0.9912280701754386,
    "f1-score": 0.9944994499449945,
    "support": 456.0
  },
  "River": {
    "precision": 0.9888579387186629,
    "recall": 0.9673024523160763,
    "f1-score": 0.977961432506887,
    "support": 367.0
  },
  "SeaLake": {
    "precision": 0.9978118161925602,
    "recall": 0.9934640522875817,
    "f1-score": 0.9956331877729258,
    "support": 459.0
  },
  "accuracy": 0.9780246913580247,
  "macro avg": {
    "precision": 0.9776879303421182,
    "recall": 0.9770181944831275,
    "f1-score": 0.9770833327060883,
    "support": 4050.0
  },
  "weighted avg": {
    "precision": 0.9786206878495741,
    "recall": 0.9780246913580247,
    "f1-score": 0.978056284353378,
    "support": 4050.0
  }
}