{
  "AnnualCrop": {
    "precision": 0.9913232104121475,
    "recall": 0.9682203389830508,
    "f1-score": 0.9796355841371919,
    "support": 472.0
  },
  "Forest": {
    "precision": 0.995475113122172,
    "recall": 0.995475113122172,
    "f1-score": 0.995475113122172,
    "support": 442.0
  },
  "HerbaceousVegetation": {
    "precision": 0.9619450317124736,
    "recall": 0.9934497816593887,
    "f1-score": 0.9774436090225563,
    "support": 458.0
  },
  "Highway": {
    "precision": 0.9605911330049262,
    "recall": 0.9974424552429667,
    "f1-score": 0.9786700125470514,
    "support": 391.0
  },
  "Industrial": {
    "precision": 0.9894736842105263,
    "recall": 0.9947089947089947,
    "f1-score": 0.9920844327176781,
    "support": 378.0
  },
  "Pasture": {
    "precision": 0.9899665551839465,
    "recall": 0.9899665551839465,
    "f1-score": 0.9899665551839465,
    "support": 299.0
  },
  "PermanentCrop": {
    "precision": 0.9783783783783784,
    "recall": 0.9551451187335093,
    "f1-score": 0.9666221628838452,
    "support": 379.0
  },
  "Residential": {
    "precision": 0.9977578475336323,
    "recall": 0.9888888888888889,
    "f1-score": 0.9933035714285714,
    "support": 450.0
  },
  "River": {
    "precision": 0.9945504087193461,
    "recall": 0.9733333333333334,
    "f1-score": 0.9838274932614556,
    "support": 375.0
  },
  "SeaLake": {
    "precision": 0.9950738916256158,
    "recall": 0.9950738916256158,
    "f1-score": 0.9950738916256158,
    "support": 406.0
  },
  "accuracy": 0.9851851851851852,
  "macro avg": {
    "precision": 0.9854535253903165,
    "recall": 0.9851704471481867,
    "f1-score": 0.9852102425930085,
    "support": 4050.0
  },
  "weighted avg": {
    "precision": 0.9853926927260855,
    "recall": 0.9851851851851852,
    "f1-score": 0.9851843891276902,
    "support": 4050.0
  }
}